COLLCODE,COLL_NAME
1136,VEDHANTHA INSTITUTE OF TECHNOLOGY
1448,SRI RAMANA MAHARISHI COLLEGE OF ENGINEERING
1515,SARASWATHI VELU COLLEGE OF ENGINEERING
2368,VISHNU LAKSHMI COLLEGE OF ENGINEERING AND TECHNOLOGY
2662,DR.NAGARATHINAM'S COLLEGE OF ENGINEERING
4956,JAYAMATHA ENGINEERING COLLEGE
1102,BHAJARANG ENGINEERING COLLEGE
1107,JAYA INSTITUTE OF TECHNOLOGY
1235,J E I MATHAAJEE COLLEGE OF ENGINEERING
1506,G.G.R. COLLEGE OF ENGINEERING
1529,OXFORD COLLEGE OF ENGINEERING
2337,VIDHYA MANDHIR INSTITUTE OF TECHNOLOGY
2340,SRI VENKATESHWARA INSTITUTE OF ENGINEERING
2350,JAIRUPAA COLLEGE OF ENGINEERING
2655,V K S COLLEGE OF ENGINEERING AND TECHNOLOGY
2663,S R S COLLEGE OF ENGINEERING AND TECHNOLOGY
3451,SMR EAST COAST COLLEGE OF ENGINEERING AND TECHNOLOGY
3923,MNSK COLLEGE OF ENGINEERING
4932,IMMANUEL ARASAR J J COLLEGE OF ENGINEERING
4950,TAMIZHAN COLLEGE OF ENGINEERING AND TECHNOLOGY
4985,KALAIVANAR  N S K COLLEGE OF ENGINEERING
5537,JAINEE COLLEGE OF ENGINEERING AND TECHNOLOGY
1,"UNIVERSITY DEPARTMENTS OF ANNA UNIVERSITY, CHENNAI - CEG CAMPUS"
2,"UNIVERSITY DEPARTMENTS OF ANNA UNIVERSITY, CHENNAI - ACT CAMPUS"
4,"UNIVERSITY DEPARTMENTS OF ANNA UNIVERSITY, CHENNAI - MIT CAMPUS"
1013,"UNIVERSITY COLLEGE OF ENGINEERING, VILLUPURAM"
1014,"UNIVERSITY COLLEGE OF ENGINEERING, TINDIVANAM"
1015,"UNIVERSITY COLLEGE OF ENGINEERING, ARNI"
1026,"UNIVERSITY COLLEGE OF ENGINEERING, KANCHIPURAM"
1101,AALIM MUHAMMED SALEGH COLLEGE OF ENGINEERING
1106,JAYA ENGINEERING COLLEGE
1110,PRATHYUSHA ENGINEERING COLLEGE
1112,R.M.D. ENGINEERING COLLEGE
1113,R.M.K. ENGINEERING COLLEGE
1114,S.A. ENGINEERING COLLEGE
1115,SRIRAM ENGINEERING COLLEGE
1116,SRI VENKATESWARA COLLEGE OF ENGINEERING AND TECHNOLOGY
1118,VEL TECH MULTI TECH DR.RANGARAJAN DR.SAKUNTHALA ENGINEERING COLLEGE
1120,VELAMMAL ENGINEERING COLLEGE
1121,SRI VENKATESWARA INSTITUTE OF SCIENCE AND TECHNOLOGY
1122,VEL TECH HIGH TECH DR.RANGARAJAN DR.SAKUNTHALA ENGINEERING COLLEGE
1123,GOJAN SCHOOL OF BUSINESS AND TECHNOLOGY
1124,SAMS COLLEGE OF ENGINEERING AND TECHNOLOGY
1125,PMR ENGINEERING COLLEGE
1126,JNN INSTITUTE OF ENGINEERING
1127,St. PETER'S COLLEGE OF ENGINEERING AND TECHNOLOGY
1128,R.M.K. COLLEGE OF ENGINEERING AND TECHNOLOGY
1131,VEL TECH
1133,ANNAI VEILANKANNI'S COLLEGE OF ENGINEERING
1137,ANNAI MIRA COLLEGE OF ENGINEERING AND TECHNOLOGY
1140,JEPPIAAR INSTITUTE OF TECHNOLOGY
1141,R.V.S. PADHMAVATHY COLLEGE OF ENGINEERING & TECHNOLOGY
1143,KUMARAN INSTITUTE OF TECHNOLOGY
1149,St. JOSEPH'S INSTITUTE OF TECHNOLOGY
1150,SRI JAYARAM INSTITUTE OF ENGINEERING AND TECHNOLOGY
1157,SHRI SITHESWARAR ENGINEERING COLLEGE
1201,ARIGNAR ANNA INSTITUTE OF SCIENCE AND TECHNOLOGY
1202,D M I COLLEGE OF ENGINEERING
1205,LORD VENKATESHWARAA ENGINEERING COLLEGE
1206,JEPPIAAR MAAMALLAN ENGINEERING COLLEGE
1207,KINGS ENGINEERING COLLEGE
1208,KANCHI PALLAVAN ENGINEERING COLLEGE
1209,PALLAVAN COLLEGE OF ENGINEERING
1210,PANIMALAR ENGINEERING COLLEGE
1211,RAJALAKSHMI ENGINEERING COLLEGE (AUTONOMOUS)
1212,RAJIV GANDHI COLLEGE OF ENGINEERING
1213,S.K.R. ENGINEERING COLLEGE
1214,SAKTHI MARIAMMAN ENGINEERING COLLEGE
1216,SAVEETHA ENGINEERING COLLEGE
1217,SREE SASTHA INSTITUTE OF ENGINEERING AND TECHNOLOGY
1218,SRI MUTHUKUMARAN INSTITUTE OF TECHNOLOGY
1219,SRI VENKATESWARA COLLEGE OF ENGINEERING (AUTONOMOUS)
1221,JAYA COLLEGE OF ENGINEERING AND TECHNOLOGY
1222,P.B. COLLEGE OF ENGINEERING
1225,LOYOLA INSTITUTE OF TECHNOLOGY
1226,P.T. LEE CHENGALVARAYA NAICKER COLLEGE OF ENGINEERING AND TECHNOLOGY
1228,ALPHA COLLEGE OF ENGINEERING
1229,INDIRA INSTITUTE OF ENGINEERING AND TECHNOLOGY
1230,APOLLO ENGINEERING COLLEGE
1231,PANIMALAR INSTITUTE OF TECHNOLOGY
1232,ARM COLLEGE OF ENGINEERING AND TECHNOLOGY
1233,ADHI COLLEGE OF ENGINEERING AND TECHNOLOGY
1234,INDIRA GANDHI COLLEGE OF ENGINEERING AND TECHNOLOGY FOR WOMEN
1237,VELAMMAL INSTITUTE OF TECHNOLOGY
1238,GRT INSTITUTE OF ENGINEERING AND TECHNOLOGY
1241,T.J.S. ENGINEERING COLLEGE
1242,SREE SASTHA COLLEGE OF ENGINEERING
1243,MADHA INSTITUTE OF ENGINEERING AND TECHNOLOGY
1301,MOHAMED SATHAK A.J.COLLEGE OF ENGINEERING
1303,ANAND INSTITUTE OF HIGHER TECHNOLOGY
1304,EASWARI ENGINEERING COLLEGE
1306,JEPPIAAR ENGINEERING COLLEGE
1307,JERUSALEM COLLEGE OF ENGINEERING
1309,MEENAKSHI SUNDARARAJAN ENGINEERING COLLEGE
1310,MISRIMAL NAVAJEE MUNOTH JAIN ENGINEERING COLLEGE
1311,K.C.G. COLLEGE OF TECHNOLOGY
1313,SMK FOMRA INSTITUTE OF TECHNOLOGY
1315,SRI SIVASUBRAMANIYA NADAR COLLEGE OF ENGINEERING (AUTONOMOUS)
1316,AGNI COLLEGE OF TECHNOLOGY
1317,St.JOSEPH'S COLLEGE OF ENGINEERING
1318,T.J. INSTITUTE OF TECHNOLOGY
1319,THANGAVELU ENGINEERING COLLEGE
1320,JEPPIAAR SRR ENGINEERING COLLEGE
1321,CENTRAL INSTITUTE OF PLASTICS ENGINEERING AND TECHNOLOGY
1322,DHANALAKSHMI SRINIVASAN COLLEGE OF ENGINEERING AND TECHNOLOGY
1323,A.C.T. COLLEGE OF ENGINEERING AND TECHNOLOGY
1324,SRI SAI RAM INSTITUTE OF TECHNOLOGY
1325,St. JOSEPH COLLEGE OF ENGINEERING
1333,VI INSTITUTE OF TECHNOLOGY
1334,ARS COLLEGE OF ENGINEERING
1335,SRI KRISHNA INSTITUTE OF TECHNOLOGY
1399,CHENNAI INSTITUTE OF TECHNOLOGY
1401,ADHIPARASAKTHI ENGINEERING COLLEGE
1402,ANNAI TERESA COLLEGE OF ENGINEERING
1405,DHANALAKSHMI COLLEGE OF ENGINEERING
1406,DR. PAULS ENGINEERING COLLEGE
1407,G.K.M. COLLEGE OF ENGINEERING AND TECHNOLOGY
1408,IFET COLLEGE OF ENGINEERING
1409,KARPAGA VINAYAGA COLLEGE OF ENGINEERING AND TECHNOLOGY
1411,MADHA ENGINEERING COLLEGE
1412,MAILAM ENGINEERING COLLEGE
1413,SRI VENKATESWARAA COLLEGE OF TECHNOLOGY
1414,PRINCE SHRI VENKATESHWARA PADMAVATHY ENGINEERING COLLEGE
1415,T.S.M. JAIN COLLEGE OF TECHNOLOGY
1416,JAYA SAKTHI ENGINEERING COLLEGE
1417,SHRI ANDAL ALAGAR COLLEGE OF ENGINEERING
1418,SRI LAKSHMI AMMAL ENGINEERING COLLEGE
1419,SRI SAIRAM ENGINEERING COLLEGE
1420,TAGORE ENGINEERING COLLEGE
1421,V.R.S. COLLEGE OF ENGINEERING AND TECHNOLOGY
1422,VALLIAMMAI ENGINEERING COLLEGE
1423,ASAN MEMORIAL COLLEGE OF ENGINEERING AND TECHNOLOGY
1424,DHAANISH AHMED COLLEGE OF ENGINEERING
1426,SRI RAMANUJAR ENGINEERING COLLEGE
1427,SRI KRISHNA ENGINEERING COLLEGE
1428,E.S ENGINEERING COLLEGE
1430,MAHA BARATHI ENGINEERING COLLEGE
1431,NEW PRINCE SHRI BHAVANI COLLEGE OF ENGINEERING AND TECHNOLOGY
1432,RAJALAKSHMI INSTITUTE OF TECHNOLOGY
1433,SRI ARAVINDAR ENGINEERING COLLEGE
1434,SURYA GROUP OF INSTITUTIONS
1435,BALAJI INSTITUTE OF ENGINEERING AND TECHNOLOGY
1436,A.R. ENGINEERING COLLEGE
1437,RRASE COLLEGE OF ENGINEERING
1438,SREE KRISHNA COLLEGE OF ENGINEERING
1439,S.R.I COLLEGE OF ENGINEERING AND TECHNOLOGY
1440,JAYA SURIYA ENGINEERING COLLEGE
1441,A.K.T. MEMORIAL COLLEGE OF ENGINEERING AND TECHNOLOGY
1442,PRINCE Dr.K.VASUDEVAN COLLEGE OF ENGINEERING AND TECHNOLOGY
1444,CHENDU COLLEGE OF ENGINEERING AND TECHNOLOGY
1445,SRI RANGAPOOPATHI COLLEGE OF ENGINEERING
1447,JAWAHAR ENGINEERING COLLEGE
1449,SARASWATHY COLLEGE OF ENGINEERING & TECHNOLOGY
1450,LOYOLA - ICAM COLLEGE OF ENGINEERING AND TECHNOLOGY
1452,PERI INSTITUTE OF TECHNOLOGY
1501,ADHIPARASAKTHI COLLEGE OF ENGINEERING
1503,ARULMIGU MEENAKSHI AMMAN COLLEGE OF ENGINEERING
1504,ARUNAI ENGINEERING COLLEGE
1505,C.ABDUL HAKEEM COLLEGE OF ENGINEERING AND TECHNOLOGY
1507,GANADIPATHY TULSI'S JAIN ENGINEERING COLLEGE
1508,ARUNAI COLLEGE OF ENGINEERING
1509,MEENAKSHI COLLEGE OF ENGINEERING
1510,PRIYADARSHINI ENGINEERING COLLEGE
1511,RANIPPETTAI ENGINEERING COLLEGE
1512,S.K.P. ENGINEERING COLLEGE
1513,SRI BALAJI CHOCKALINGAM ENGINEERING COLLEGE
1514,SRI NANDHANAM COLLEGE OF ENGINEERING AND TECHNOLOGY
1516,THANTHAI PERIYAR GOVT INSTITUTE OF TECHNOLOGY
1517,THIRUMALAI ENGINEERING COLLEGE
1518,THIRUVALLUVAR COLLEGE OF ENGINEERING AND TECHNOLOGY
1519,BHARATHIDASAN ENGINEERING COLLEGE
1520,KINGSTON ENGINEERING COLLEGE
1521,SHRI SAPTHAGIRI INSTITUTE OF TECHNOLOGY
1523,GLOBAL INSTITUTE OF ENGINEERING AND TECHNOLOGY
1524,ANNAMALAIAR COLLEGE OF ENGINEERING
1525,PODHIGAI COLLEGE OF ENGINEERING AND TECHNOLOGY
1526,SRI KRISHNA COLLEGE OF ENGINEERING
1605,IDHAYA ENGINEERING COLLEGE FOR WOMEN
2005,"GOVERNMENT COLLEGE OF TECHNOLOGY (AUTONOMOUS), COIMBATORE"
2006,P.S.G. COLLEGE OF TECHNOLOGY (AUTONOMOUS)
2007,COIMBATORE INSTITUTE OF TECHNOLOGY (AUTONOMOUS)
2025,"ANNA UNIVERSITY REGIONAL CAMPUS, COIMBATORE"
2302,SRI SHANMUGHA COLLEGE OF ENGINEERING AND TECHNOLOGY
2314,MUTHAYAMMAL COLLEGE OF ENGINEERING
2327,N.S.N. COLLEGE OF ENGINEERING AND TECHNOLOGY
2328,K S R INSTITUTE FOR ENGINEERING AND TECHNOLOGY
2329,RATHINAM TECHNICAL CAMPUS
2332,AISHWARYA COLLEGE OF ENGINEERING AND TECHNOLOGY
2338,ASIAN COLLEGE OF ENGINEERING AND TECHNOLOGY
2341,GANESH COLLEGE OF ENGINEERING
2342,SRI RANGANATHAR INSTITUTE OF ENGINEERING & TECHNOLOGY
2343,INDIAN INSTITUTE OF HANDLOOM TECHNOLOGY
2345,DHIRAJLAL GANDHI COLLEGE OF TECHNOLOGY
2346,SHREE SATHYAM COLLEGE OF ENGINEERING AND TECHNOLOGY
2347,AVS COLLEGE OF TECHNOLOGY
2349,DHAANISH AHMED INSTITUTE OF TECHNOLOGY
2354,POLLACHI INSTITUTE OF ENGINEERING AND TECHNOLOGY
2355,CHERAN COLLEGE OF ENGINEERING
2356,ARULMURUGAN COLLEGE OF ENGINEERING
2357,V.S.B. COLLEGE OF ENGINEERING TECHNICAL CAMPUS
2358,SCAD INSTITUTE OF TECHNOLOGY
2360,SUGUNA COLLEGE OF ENGINEERING
2362,HOSUR INSTITUTE OF TECHNOLOGY AND SCIENCE
2367,ARJUN COLLEGE OF TECHNOLOGY
2369,GOVERNMENT COLLEGE OF ENGINEERING - DHARMAPURI
2377,PSG INSTITUTE OF TECHNOLOGY AND APPLIED RESEARCH
2601,ADHIYAMAAN COLLEGE OF ENGINEERING (AUTONOMOUS)
2602,ANNAI MATHAMMAL SHEELA ENGINEERING COLLEGE
2603,GOVERNMENT COLLEGE OF  ENGINEERING - BARGUR (AUTONOMOUS)
2606,JAYAM COLLEGE OF ENGINEERING AND TECHNOLOGY
2607,K.S.RANGASAMY COLLEGE OF TECHNOLOGY (AUTONOMOUS)
2608,M.KUMARASAMY COLLEGE OF ENGINEERING (AUTONOMOUS)
2609,MAHENDRA ENGINEERING COLLEGE (AUTONOMOUS)
2610,MUTHAYAMMAL ENGINEERING COLLEGE (AUTONOMOUS)
2611,PAAVAI ENGINEERING COLLEGE (AUTONOMOUS)
2612,P G P COLLEGE OF ENGINEERING AND TECHNOLOGY
2613,K.S.R. COLLEGE OF ENGINEERING (AUTONOMOUS)
2614,S.S.M. COLLEGE OF ENGINEERING
2615,GOVERNMENT COLLEGE OF ENGINEERING - SALEM (AUTONOMOUS)
2616,SAPTHAGIRI COLLEGE OF ENGINEERING
2617,SENGUNTHAR ENGINEERING COLLEGE
2618,SONA COLLEGE OF TECHNOLOGY (AUTONOMOUS)
2620,VIVEKANANDHA COLLEGE OF ENGINEERING FOR WOMEN (AUTONOMOUS)
2621,ER.PERUMAL MANIMEKALAI COLLEGE OF ENGINEERING
2622,V.S.B. ENGINEERING COLLEGE
2623,MAHENDRA COLLEGE OF ENGINEERING
2624,GNANAMANI COLLEGE OF TECHNOLOGY
2625,THE KAVERY ENGINEERING COLLEGE
2627,SELVAM COLLEGE OF TECHNOLOGY
2628,PAAVAI COLLEGE OF ENGINEERING
2629,SENGUNTHAR COLLEGE OF ENGINEERING
2630,CHETTINAD COLLEGE OF ENGINEERING AND TECHNOLOGY
2631,KING COLLEGE OF TECHNOLOGY
2632,MAHENDRA INSTITUTE OF TECHNOLOGY
2633,VIDYAA VIKAS COLLEGE OF ENGINEERING AND TECHNOLOGY
2634,EXCEL ENGINEERING COLLEGE
2635,CMS COLLEGE OF ENGINEERING
2636,A V S ENGINEERING COLLEGE
2638,MAHENDRA ENGINEERING COLLEGE FOR WOMEN
2639,NARASU'S SARATHY INSTITUTE OF TECHNOLOGY
2640,JAYALAKSHMI INSTITUTE OF TECHNOLOGY
2641,VARUVAN VADIVELAN INSTITUTE OF TECHNOLOGY
2642,P.S.V.COLLEGE OF ENGINEERING AND TECHNOLOGY
2643,BHARATHIYAR INSTITUTE OF ENGINEERING FOR WOMEN
2646,TAGORE INSTITUTE OF ENGINEERING AND TECHNOLOGY
2647,J.K.K. NATTRAJA COLLEGE OF ENGINEERING AND TECHNOLOGY
2648,ANNAPOORANA ENGINEERING COLLEGE
2649,KARUR COLLEGE OF ENGINEERING
2650,CHRIST THE KING ENGINEERING COLLEGE
2651,JAI SHRIRAM ENGINEERING COLLEGE
2652,AL-AMEEN ENGINEERING COLLEGE
2653,KNOWLEDGE INSTITUTE OF TECHNOLOGY
2654,S V S COLLEGE OF ENGINEERING
2656,BUILDERS ENGINEERING COLLEGE
2657,PAVAI COLLEGE OF TECHNOLOGY
2658,VSA GROUP OF INSTITUTIONS
2659,SALEM COLLEGE OF ENGINEERING AND TECHNOLOGY
2660,GNANAMANI COLLEGE OF ENGINEERING
2661,VIVEKANANDHA COLLEGE OF TECHNOLOGY FOR WOMEN
2664,EXCEL COLLEGE OF ENGINEERING AND TECHNOLOGY
2665,MAHENDRA INSTITUTE OF ENGINEERING AND TECHNOLOGY
2666,THE KAVERY COLLEGE OF ENGINEERING
2673,SREE SAKTHI ENGINEERING COLLEGE
2682,AMBAL PROFESSIONAL GROUP OF INSTITUTIONS
2683,SHREENIVASA ENGINEERING COLLEGE
2702,BANNARI AMMAN INSTITUTE OF TECHNOLOGY (AUTONOMOUS)
2704,COIMBATORE INSTITUTE OF ENGINEERING AND TECHNOLOGY
2705,CSI COLLEGE OF ENGINEERING
2706,DR. MAHALINGAM COLLEGE OF ENGINEERING AND TECHNOLOGY (AUTONOMOUS)
2707,ERODE SENGUNTHAR ENGINEERING COLLEGE
2708,HINDUSTHAN COLLEGE OF ENGINEERING AND TECHNOLOGY (AUTONOMOUS)
2709,INSTITUTE OF ROAD AND TRANSPORT TECHNOLOGY
2710,KARPAGAM COLLEGE OF ENGINEERING (AUTONOMOUS)
2711,KONGU ENGINEERING COLLEGE (AUTONOMOUS)
2712,KUMARAGURU COLLEGE OF TECHNOLOGY  (AUTONOMOUS)
2713,M.P. NACHIMUTHU M. JAGANATHAN ENGINEERING COLLEGE
2714,MAHARAJA ENGINEERING COLLEGE
2715,NANDHA ENGINEERING COLLEGE (AUTONOMOUS)
2716,PARK COLLEGE OF ENGINEERING AND TECHNOLOGY
2717,SASURIE COLLEGE OF ENGINEERING
2718,SRI KRISHNA COLLEGE OF ENGINEERING & TECHNOLOGY (AUTONOMOUS)
2719,SRI RAMAKRISHNA ENGINEERING COLLEGE (AUTONOMOUS)
2721,TAMILNADU COLLEGE OF ENGINEERING
2722,SRI KRISHNA COLLEGE OF TECHNOLOGY (AUTONOMOUS)
2723,VELALAR COLLEGE OF ENGINEERING AND TECHNOLOGY (AUTONOMOUS)
2725,SRI RAMAKRISHNA INSTITUTE OF TECHNOLOGY (AUTONOMOUS)
2726,SNS COLLEGE OF TECHNOLOGY (AUTONOMOUS)
2727,SRI SHAKTHI INSTITUTE OF ENGINEERING AND TECHNOLOGY
2729,NEHRU INSTITUTE OF ENGINEERING AND TECHNOLOGY
2730,MAHARAJA INSTITUTE OF TECHNOLOGY
2731,R V S COLLEGE OF ENGINEERING AND TECHNOLOGY
2732,INFO INSTITUTE OF ENGINEERING
2733,ANGEL COLLEGE OF ENGINEERING AND TECHNOLOGY
2734,SNS COLLEGE OF ENGINEERING
2735,KARPAGAM INSTITUTE OF TECHNOLOGY
2736,DR.N G P INSTITUTE OF TECHNOLOGY
2737,RANGANATHAN ENGINEERING COLLEGE
2738,SASURIE ACADEMY OF ENGINEERING
2739,SRI ESHWAR COLLEGE OF ENGINEERING
2740,HINDUSTHAN INSTITUTE OF TECHNOLOGY
2741,P A COLLEGE OF ENGINEERING AND TECHNOLOGY
2743,DHANALAKSHMI SRINIVASAN COLLEGE OF ENGINEERING
2744,ADITHYA INSTITUTE OF TECHNOLOGY
2745,KATHIR COLLEGE OF ENGINEERING
2747,SHREE VENKATESHWARA HI-TECH ENGINEERING COLLEGE
2748,SURYA ENGINEERING COLLEGE
2749,EASA COLLEGE OF ENGINEERING AND TECHNOLOGY
2750,KIT - KALAIGNAR KARUNANIDHI INSTITUTE OF TECHNOLOGY
2751,KGISL INSTITUTE OF TECHNOLOGY
2752,NANDHA COLLEGE OF TECHNOLOGY
2753,PPG INSTITUTE OF TECHNOLOGY
2754,SRI RAMANATHAN ENGINEERING COLLEGE
2755,NEHRU INSTITUTE OF TECHNOLOGY
2758,J K K MUNIRAJAH COLLEGE OF TECHNOLOGY
2761,UNITED INSTITUTE OF TECHNOLOGY
2762,JANSONS INSTITUTE OF TECHNOLOGY
2763,AKSHAYA COLLEGE OF ENGINEERING & TECHNOLOGY
2764,K P R INSTITUTE OF ENGINEERING AND TECHNOLOGY
2765,SRIGURU INSTITUTE OF TECHNOLOGY
2767,SRG ENGINEERING COLLEGE
2768,PARK COLLEGE OF TECHNOLOGY
2769,J C T COLLEGE OF ENGINEERING AND TECHNOLOGY
2770,STUDY WORLD COLLEGE OF ENGINEERING
2771,DR.NALLINI INSTITUTE OF ENGINEERING AND TECHNOLOGY
2772,C M S COLLEGE OF ENGINEERING AND TECHNOLOGY
2776,RVS TECHNICAL CAMPUS - COIMBATORE
3011,"UNIVERSITY COLLEGE OF ENGINEERING, TIRUCHIRAPPALLI"
3016,"UNIVERSITY COLLEGE OF ENGINEERING, ARIYALUR"
3018,"UNIVERSITY COLLEGE OF ENGINEERING, THIRUKKUVALAI"
3019,"UNIVERSITY COLLEGE OF ENGINEERING, PANRUTI"
3021,"UNIVERSITY COLLEGE OF ENGINEERING, PATTUKKOTTAI"
3403,MAHALAKSHMI ENGINEERING COLLEGE
3410,KRISHNASAMY COLLEGE OF ENGINEERING AND TECHNOLOGY
3425,C.K. COLLEGE OF ENGINEERING AND TECHNOLOGY
3454,SRI RAMAKRISHNA COLLEGE OF ENGINEERING
3456,K.S.K COLLEGE OF ENGINEERING AND TECHNOLOGY
3457,DHANALAKSHMI SRINIVASAN COLLEGE OF ENGINEERING
3458,DHANALAKSHMI SRINIVASAN INSTITUTE OF RESEARCH AND TECHNOLOGY
3459,DHANALAKSHMI SRINIVASAN INSTITUTE OF TECHNOLOGY
3460,SUREYA COLLEGE OF ENGINEERING
3461,HAJI SHEIK ISMAIL ENGINEERING COLLEGE
3462,ARIYALUR ENGINEERING COLLEGE
3464,GOVERNMENT COLLEGE OF ENGINEERING - THANJAVUR
3465,GOVERNMENT COLLEGE OF ENGINEERING - SRIRANGAM
3466,NELLIANDAVAR INSTITUTE OF TECHNOLOGY
3701,K.RAMAKRISHNAN COLLEGE OF TECHNOLOGY
3760,SIR ISSAC NEWTON COLLEGE OF ENGINEERING AND TECHNOLOGY
3766,STAR LION COLLEGE OF ENGINEERING AND TECHNOLOGY
3781,K.K.C COLLEGE OF ENGINEERING AND TECHNOLOGY
3782,OASYS INSTITUTE OF TECHNOLOGY
3786,M.A.M. SCHOOL OF ENGINEERING
3795,SRM TRP ENGINEERING COLLEGE
3801,A.V.C COLLEGE OF ENGINEERING
3802,SHRI ANGALAMMAN COLLEGE OF ENGINEERING AND TECHNOLOGY
3803,ANJALAI AMMAL MAHALINGAM ENGINEERING COLLEGE
3804,ARASU ENGINEERING COLLEGE
3805,DHANALAKSHMI SRINIVASAN ENGINEERING COLLEGE
3806,E.G.S.PILLAY ENGINEERING COLLEGE (AUTONOMOUS)
3807,J.J.COLLEGE OF ENGINEERING AND TECHNOLOGY
3808,JAYARAM COLLEGE OF ENGINEERING AND TECHNOLOGY
3809,KURINJI COLLEGE OF ENGINEERING AND TECHNOLOGY
3810,M.A.M COLLEGE OF ENGINEERING
3811,M.I.E.T ENGINEERING COLLEGE
3812,MOOKAMBIGAI COLLEGE OF ENGINEERING
3813,OXFORD ENGINEERING COLLEGE
3814,P.R.ENGINEERING COLLEGE
3815,PAVENDAR BHARATHIDASAN COLLEGE OF ENGINEERING AND TECHNOLOGY
3817,ROEVER ENGINEERING COLLEGE
3819,SARANATHAN COLLEGE OF ENGINEERING
3820,TRICHY ENGINEERING COLLEGE
3821,A.R.J COLLEGE OF ENGINEERING AND TECHNOLOGY
3822,DR.NAVALAR NEDUNCHEZHIYAN COLLEGE OF ENGINEERING
3823,SRINIVASAN ENGINEERING COLLEGE
3825,St. JOSEPH'S COLLEGE OF ENGINEERING AND TECHNOLOGY
3826,KONGUNADU COLLEGE OF ENGINEERING AND TECHNOLOGY
3829,M.A.M COLLEGE OF ENGINEERING AND TECHNOLOGY
3830,K. RAMAKRISHNAN COLLEGE OF ENGINEERING
3831,INDRA GANESAN COLLEGE OF ENGINEERING
3833,PARISUTHAM INSTITUTE OF TECHNOLOGY AND SCIENCE
3841,C.A.R.E. GROUP OF INSTITUTIONS
3843,M R K INSTITUTE OF TECHNOLOGY
3844,SHIVANI ENGINEERING COLLEGE
3845,IMAYAM COLLEGE OF ENGINEERING
3846,MOTHER TERASA COLLEGE OF ENGINEERING AND TECHNOLOGY
3847,ROEVER COLLEGE OF ENGINEERING AND TECHNOLOGY
3848,VANDAYAR ENGINEERING COLLEGE
3849,ANNAI COLLEGE OF ENGINEERING AND TECHNOLOGY
3850,VETRI VINAYAHA COLLEGE OF ENGINEERING AND TECHNOLOGY
3852,SRI BHARATHI ENGINEERING COLLEGE FOR WOMEN
3854,MAHATH AMMA INSTITUTE OF ENGINEERING AND TECHNOLOGY
3855,AS-SALAM COLLEGE OF ENGINEERING AND TECHNOLOGY
3857,MEENAKSHI RAMASWAMY ENGINEERING COLLEGE
3859,SEMBODAI RUKMANI VARATHARAJAN ENGINEERING COLLEGE
3860,St. ANNE'S COLLEGE OF ENGINEERING AND TECHNOLOGY
3905,KINGS COLLEGE OF ENGINEERING
3908,MOUNT ZION COLLEGE OF ENGINEERING AND TECHNOLOGY
3918,SHANMUGANATHAN ENGINEERING COLLEGE
3920,SUDHARSAN ENGINEERING COLLEGE
3925,M.A.R. COLLEGE OF ENGINEERING AND TECHNOLOGY
3926,CHENDHURAN COLLEGE OF ENGINEERING AND TECHNOLOGY
3940,ANNAMALAI UNIVERSITY - FACULTY OF ENGINEERING AND TECHNOLOGY
4020,"ANNA UNIVERSITY REGIONAL CAMPUS, TIRUNELVELI"
4023,"UNIVERSITY COLLEGE OF ENGINEERING, NAGERCOIL"
4024,"UNIVERSITY VOC COLLEGE OF ENGINEERING, THOOTHUKUDI"
4669,THAMIRABHARANI ENGINEERING COLLEGE
4670,ROHINI COLLEGE OF ENGINEERING AND TECHNOLOGY
4672,STELLA MARY'S  COLLEGE OF ENGINEERING
4675,UNIVERSAL COLLEGE OF ENGINEERING & TECHNOLOGY
4676,RENGANAYAGI VARATHARAJ COLLEGE OF ENGINEERING
4677,LOURDES MOUNT COLLEGE OF ENGINEERING AND TECHNOLOGY
4678,RAMCO INSTITUTE OF TECHNOLOGY
4680,AAA COLLEGE OF ENGINEERING AND TECHNOLOGY
4864,V V COLLEGE OF ENGINEERING
4917,SETHU INSTITUTE OF TECHNOLOGY (AUTONOMOUS)
4927,MARIA COLLEGE OF ENGINEERING AND TECHNOLOGY
4928,MAR EPHRAEM COLLEGE OF ENGINEERING AND TECHNOLOGY
4929,M.E.T ENGINEERING COLLEGE
4931,CHANDY COLLEGE OF ENGINEERING
4933,St.MOTHER THERESA ENGINEERING COLLEGE
4934,HOLY CROSS ENGINEERING COLLEGE
4937,A.R. COLLEGE OF ENGINEERING AND TECHNOLOGY
4938,SIVAJI COLLEGE OF ENGINEERING AND TECHNOLOGY
4941,UNNAMALAI INSTITUTE OF TECHNOLOGY
4943,SATYAM COLLEGE OF ENGINEERING AND TECHNOLOGY
4944,ARUNACHALA COLLEGE OF ENGINEERING FOR WOMEN
4945,VINS CHRISTIAN WOMEN'S COLLEGE OF ENGINEERING
4946,DMI ENGINEERING COLLEGE
4948,RAJAS INTERNATIONAL INSTITUTE OF TECHNOLOGY FOR WOMEN
4949,PSN INSTITUTE OF TECHNOLOGY AND SCIENCE
4952,C.S.I. INSTITUTE OF TECHNOLOGY
4953,CAPE INSTITUTE OF TECHNOLOGY
4954,DR.SIVANTHI ADITANAR COLLEGE OF ENGINEERING
4955,FRANCIS XAVIER ENGINEERING COLLEGE
4957,JAYARAJ ANNAPACKIAM CSI COLLEGE OF ENGINEERING
4959,KAMARAJ COLLEGE OF ENGINEERING AND TECHNOLOGY
4960,MEPCO SCHLENK ENGINEERING COLLEGE (AUTONOMOUS)
4961,NATIONAL COLLEGE OF ENGINEERING
4962,NATIONAL ENGINEERING COLLEGE  (AUTONOMOUS)
4964,PSN COLLEGE OF ENGINEERING AND TECHNOLOGY (AUTONOMOUS)
4965,P.S.R ENGINEERING COLLEGE (AUTONOMOUS)
4966,PET ENGINEERING COLLEGE
4967,S.VEERASAMY CHETTIAR COLLEGE OF ENGINEERING AND TECHNOLOGY
4968,SARDAR RAJA COLLEGE OF ENGINEERING
4969,SCAD COLLEGE OF ENGINEERING AND TECHNOLOGY
4970,SREE SOWDAMBIKA COLLEGE OF ENGINEERING
4971,St.XAVIER'S CATHOLIC COLLEGE OF ENGINEERING
4972,AMRITA COLLEGE OF ENGINEERING AND TECHNOLOGY
4973,RAJAS ENGINEERING COLLEGE
4974,GOVERNMENT COLLEGE OF ENGINEERING - TIRUNELVELI
4975,DR.G.U.POPE COLLEGE OF ENGINEERING
4976,INFANT JESUS COLLEGE OF ENGINEERING
4977,NARAYANAGURU COLLEGE OF ENGINEERING
4978,UDAYA SCHOOL OF ENGINEERING
4979,V.P.MUTHAIAH PILLAI MEENAKSHI AMMAL ENGINEERING COLLEGE FOR WOMEN
4980,EINSTEIN COLLEGE OF ENGINEERING
4981,PONJESLY COLLEGE OF ENGINEERING
4982,VINS CHRISTIAN COLLEGE OF ENGINEERING
4983,LORD JEGANNATH COLLEGE OF ENGINEERING AND TECHNOLOGY
4984,MARTHANDAM COLLEGE OF ENGINEERING AND TECHNOLOGY
4987,JAMES COLLEGE OF ENGINEERING AND TECHNOLOGY
4989,PSN ENGINEERING COLLEGE
4991,KALASALINGAM INSTITUTE OF TECHNOLOGY
4992,BETHLAHEM INSTITUTE OF ENGINEERING
4993,LOYOLA INSTITUTE OF TECHNOLOGY AND SCIENCE
4994,J P COLLEGE OF ENGINEERING
4995,P.S.R.RENGASAMY COLLEGE OF ENGINEERING FOR WOMEN
4996,SRI VIDYA COLLEGE OF ENGINEERING & TECHNOLOGY
4998,MAHAKAVI BHARATHIYAR COLLEGE OF ENGINEERING AND TECHNOLOGY
4999,ANNAI VAILANKANNI COLLEGE OF ENGINEERING
5008,THIAGARAJAR COLLEGE OF ENGINEERING (AUTONOMOUS)
5009,"GOVERNMENT COLLEGE OF ENGINEERING, BODIYANAYAKKANUR"
5010,"ANNA UNIVERSITY REGIONAL CAMPUS, MADURAI"
5012,CENTRAL ELECTROCHEMICAL RESEARCH INSTITUTE (CSIR) KARAIKUDI
5017,"UNIVERSITY COLLEGE OF ENGINEERING, RAMANATHAPURAM"
5022,"UNIVERSITY COLLEGE OF ENGINEERING, DINDIGUL"
5502,SRI RAAJA RAAJAN COLLEGE OF ENGINEERING AND TECHNOLOGY
5530,SSM INSTITUTE OF ENGINEERING AND TECHNOLOGY
5532,VAIGAI COLLEGE OF ENGINEERING
5533,KIT & KIM TECHNICAL CAMPUS
5536,MANGAYARKARASI COLLEGE OF ENGINEERING
5540,ARINGER ANNA COLLEGE OF ENGINEERING AND TECHNOLOGY
5703,CHRISTIAN COLLEGE OF ENGINEERING AND TECHNOLOGY
5720,SRI SUBRAMANYA COLLEGE OF ENGINEERING AND TECHNOLOGY
5832,N P R COLLEGE OF ENGINEERING AND TECHNOLOGY
5842,MADURAI INSTITUTE OF ENGINEERING AND TECHNOLOGY
5851,VEERAMMAL ENGINEERING COLLEGE
5862,R.V.S. SCHOOL OF ENGINEERING AND TECHNOLOGY
5865,NADAR SARASWATHI COLLEGE OF ENGINEERING & TECHNOLOGY
5901,ALAGAPPA CHETTIAR GOVT. COLLEGE OF ENGG. AND TECH. (AUTONOMOUS)
5902,BHARATH NIKETAN ENGINEERING COLLEGE
5903,K.L.N.COLLEGE OF INFORMATION TECHNOLOGY
5904,K.L.N.COLLEGE OF ENGINEERING
5907,MOHAMED SATHAK ENGINEERING COLLEGE
5910,PSNA COLLEGE OF ENGINEERING AND TECHNOLOGY
5911,P.T.R.COLLEGE OF ENGINEERING AND TECHNOLOGY
5912,PANDIAN SARASWATHI YADAV ENGINEERING COLLEGE
5913,R.V.S. COLLEGE OF ENGINEERING
5914,SOLAMALAI COLLEGE OF ENGINEERING
5915,SACS M.A.V.M.M ENGINEERING COLLEGE
5919,St.MICHAEL COLLEGE OF ENGINEERING & TECHNOLOGY
5921,SYED AMMAL ENGINEERING COLLEGE
5922,VICKRAM COLLEGE OF ENGINEERING
5924,GANAPATHY CHETTIAR COLLEGE OF ENGINEERING AND TECHNOLOGY
5930,SBM COLLEGE OF ENGINEERING AND TECHNOLOGY
5935,FATIMA MICHAEL COLLEGE OF ENGINEERING AND TECHNOLOGY
5942,ULTRA COLLEGE OF ENGINEERING AND TECHNOLOGY
5986,VELAMMAL COLLEGE OF ENGINEERING AND TECHNOLOGY
5988,THENI KAMMAVAR SANGAM COLLEGE OF TECHNOLOGY
5990,LATHA MATHAVAN ENGINEERING COLLEGE
